Date,US Dollar,Sterling Pound,Swiss Franc,Japanese Yen,Malaysian Ringgit,Hong Kong Dollar,Australian Dollar,Korean Won,New Taiwan Dollar,Euro,Indonesian Rupiah,Thai Baht,Renminbi,Indian Rupee
2025-05-01,1.2938,1.73,1.5609,0.895,0.3035,0.1658,0.8339,0.093,4.2922,1.46,0.0079,3.9277,0.1793,2.2472
2025-04-01,1.3246,1.74,1.5844,0.9178,0.2999,0.1706,0.8329,0.0918,4.0511,1.4853,0.0079,3.9223,0.1814,2.2758
2025-03-01,1.3362,1.7235,1.5109,0.896,0.3012,0.1719,0.8414,0.0917,4.0527,1.4423,0.0081,3.9509,0.1843,2.2836
2025-02-01,1.3469,1.6875,1.4896,0.8874,0.3031,0.1731,0.8482,0.0932,4.1031,1.4023,0.0082,3.9853,0.1852,2.3208
2025-01-01,1.3625,1.6819,1.4979,0.8697,0.3045,0.175,0.8487,0.0937,4.1432,1.4095,0.0084,3.9703,0.1865,2.4216
2024-12-01,1.3503,1.7072,1.5152,0.8794,0.3027,0.1737,0.8558,0.0938,4.1437,1.4141,0.0084,3.9522,0.1854,2.5
2024-11-01,1.3365,1.7042,1.5185,0.8698,0.3013,0.1718,0.8733,0.0958,4.13,1.421,0.0084,3.8805,0.1854,2.548
2024-10-01,1.309,1.7104,1.5214,0.8759,0.3048,0.1685,0.8797,0.0963,4.0785,1.4278,0.0084,3.9243,0.1847,2.4962
2024-09-01,1.2964,1.7125,1.5302,0.9054,0.3041,0.1664,0.8774,0.0973,4.0546,1.4395,0.0085,3.8872,0.1832,2.465
2024-08-01,1.3159,1.703,1.5335,0.8993,0.2981,0.1688,0.8758,0.0974,4.0812,1.4499,0.0084,3.7863,0.184,2.5432
2024-07-01,1.3469,1.731,1.5084,0.8524,0.2877,0.1725,0.8991,0.0974,4.125,1.4603,0.0083,3.7132,0.1854,2.5974
2024-06-01,1.3516,1.7195,1.5128,0.8561,0.287,0.1731,0.8983,0.098,4.1734,1.456,0.0083,3.6822,0.1863,2.6257
2024-05-01,1.3512,1.7066,1.4857,0.8669,0.2864,0.173,0.895,0.099,4.18,1.4602,0.0084,3.6878,0.1868,2.6701
2024-04-01,1.3569,1.6983,1.492,0.8822,0.2847,0.1733,0.8827,0.0991,4.1953,1.4551,0.0085,3.6896,0.1875,2.7402
2024-03-01,1.3401,1.704,1.5106,0.8954,0.2842,0.1713,0.879,0.1007,4.2296,1.4576,0.0085,3.7296,0.1861,2.7524
2024-02-01,1.3445,1.6982,1.5342,0.8998,0.2819,0.1719,0.8778,0.1009,4.2747,1.451,0.0086,3.748,0.1869,2.7545
2024-01-01,1.3355,1.6968,1.5566,0.9149,0.2851,0.1709,0.8881,0.1007,4.2785,1.4571,0.0085,3.7958,0.1862,2.8134
2023-12-01,1.3324,1.6865,1.5389,0.9247,0.286,0.1706,0.8912,0.1022,4.2634,1.4536,0.0086,3.805,0.1865,2.8201
2023-11-01,1.3482,1.6744,1.5128,0.9007,0.2876,0.1727,0.876,0.1032,4.2302,1.4575,0.0086,3.8051,0.1866,2.8127
2023-10-01,1.369,1.6664,1.5147,0.9156,0.2884,0.175,0.8698,0.1013,4.2387,1.4459,0.0087,3.7484,0.1874,2.8379
2023-09-01,1.3638,1.6904,1.5177,0.923,0.2912,0.1742,0.8755,0.1023,4.255,1.4561,0.0089,3.8008,0.1869,2.8935
2023-08-01,1.3505,1.7162,1.5379,0.9324,0.2929,0.1726,0.8764,0.1022,4.2435,1.4735,0.0089,3.8554,0.1862,2.8853
2023-07-01,1.3346,1.7193,1.5267,0.9463,0.2906,0.1707,0.8994,0.104,4.2783,1.4757,0.0089,3.8539,0.1857,2.9371
2023-06-01,1.3461,1.6996,1.4943,0.9536,0.2906,0.1719,0.9041,0.1039,4.3636,1.4584,0.009,3.8573,0.1879,2.9041
2023-05-01,1.3393,1.6719,1.494,0.9773,0.2964,0.1709,0.8905,0.101,4.3596,1.4566,0.009,3.9155,0.1916,2.9119
2023-04-01,1.3319,1.6563,1.4817,0.9981,0.301,0.1697,0.8914,0.1007,4.3578,1.4593,0.009,3.8865,0.1934,2.9414
2023-03-01,1.3407,1.6274,1.4478,1.003,0.3002,0.1708,0.8962,0.1028,4.3879,1.4358,0.0088,3.8869,0.1944,3.0046
2023-02-01,1.3309,1.6092,1.4395,1.002,0.3049,0.1696,0.9198,0.1044,4.4021,1.4262,0.0088,3.9143,0.1947,3.0432
2023-01-01,1.3258,1.6196,1.4339,1.0168,0.3063,0.1696,0.9211,0.1065,4.3604,1.4277,0.0087,3.9855,0.1953,3.106
2022-12-01,1.352,1.6466,1.4495,1.0014,0.3063,0.1736,0.9128,0.1044,4.4082,1.4305,0.0087,3.8861,0.1937,3.0774
2022-11-01,1.3874,1.6275,1.436,0.9741,0.3008,0.1772,0.9146,0.1022,4.4135,1.4135,0.0089,3.8106,0.1932,3.049
2022-10-01,1.4245,1.6079,1.4326,0.9695,0.3036,0.1815,0.9068,0.0999,4.4592,1.4013,0.0092,3.7551,0.1981,3.0394
2022-09-01,1.4136,1.5994,1.4523,0.988,0.3111,0.1801,0.9445,0.1013,4.5252,1.4,0.0094,3.8153,0.2013,2.9946
2022-08-01,1.3843,1.6596,1.4468,1.0248,0.3099,0.1764,0.9634,0.1048,4.5986,1.4016,0.0093,3.8592,0.2035,2.9835
2022-07-01,1.3949,1.6739,1.4398,1.0208,0.3141,0.1777,0.9565,0.1067,4.6668,1.4224,0.0093,3.8358,0.2071,2.9944
2022-06-01,1.3837,1.7067,1.4266,1.0337,0.3144,0.1763,0.9727,0.1083,4.6729,1.4635,0.0094,3.9602,0.2067,2.9429
2022-05-01,1.3814,1.7204,1.411,1.0728,0.3152,0.176,0.975,0.109,4.6689,1.4626,0.0095,4.0143,0.2061,2.9816
2022-04-01,1.3656,1.7687,1.4473,1.0822,0.32,0.1742,1.0074,0.1106,4.6941,1.4782,0.0095,4.043,0.2125,2.9931
2022-03-01,1.3593,1.791,1.4621,1.1479,0.3236,0.1738,1.0013,0.1113,4.7792,1.4977,0.0095,4.0885,0.2142,3.0409
2022-02-01,1.3467,1.8235,1.4596,1.1688,0.3216,0.1726,0.9642,0.1124,4.8301,1.5276,0.0094,4.1301,0.2123,3.0105
2022-01-01,1.3506,1.8314,1.4701,1.1756,0.3224,0.1733,0.97,0.1129,4.8798,1.5296,0.0094,4.0623,0.2125,3.0053
2021-12-01,1.3632,1.814,1.4805,1.1969,0.3238,0.1748,0.9755,0.1152,4.9126,1.5409,0.0095,4.0613,0.2141,2.9906
2021-11-01,1.3574,1.8265,1.4714,1.1895,0.3247,0.1742,0.9917,0.1146,4.88,1.5479,0.0095,4.1022,0.2124,3.0834
2021-10-01,1.3511,1.8489,1.4626,1.1946,0.3245,0.1737,0.9993,0.1143,4.8354,1.5676,0.0095,4.037,0.2104,3.0482
2021-09-01,1.3475,1.8518,1.461,1.2234,0.3235,0.1732,0.9864,0.1149,4.8613,1.5869,0.0095,4.0773,0.2087,3.0371
2021-08-01,1.3552,1.8699,1.4824,1.2339,0.3211,0.1741,0.989,0.1166,4.8612,1.5953,0.0094,4.0936,0.2092,3.0765
2021-07-01,1.3543,1.8708,1.4749,1.2278,0.3226,0.1743,1.0062,0.1183,4.8367,1.6014,0.0093,4.1506,0.2092,3.04
2021-06-01,1.333,1.8708,1.4691,1.2109,0.3224,0.1717,1.0197,0.1188,4.7995,1.6068,0.0093,4.2428,0.2075,3.1425
2021-05-01,1.3303,1.8715,1.4725,1.2185,0.3223,0.1713,1.0322,0.1184,4.7671,1.6145,0.0093,4.252,0.2068,3.2656
2021-04-01,1.3344,1.8469,1.4465,1.2241,0.3237,0.1718,1.0271,0.1194,4.7246,1.5963,0.0092,4.2546,0.2046,3.1712
2021-03-01,1.3423,1.8608,1.4455,1.2358,0.3267,0.1729,1.0351,0.1187,4.7498,1.5988,0.0093,4.3599,0.2063,3.1937
2021-02-01,1.3274,1.8407,1.4795,1.2606,0.3281,0.1712,1.0296,0.1193,4.7497,1.6062,0.0095,4.4243,0.2055,3.2452
2021-01-01,1.3257,1.8081,1.4951,1.2782,0.3284,0.171,1.024,0.1207,4.7331,1.6141,0.0094,4.418,0.2049,3.4105
2020-12-01,1.3324,1.7901,1.499,1.2836,0.3285,0.1719,1.0025,0.1218,4.7231,1.6212,0.0094,4.4289,0.2037,3.4344
2020-11-01,1.3478,1.7789,1.4794,1.2915,0.3276,0.1738,0.9791,0.1208,4.7211,1.5939,0.0095,4.4219,0.204,3.5507
2020-10-01,1.3596,1.7643,1.4898,1.2919,0.3274,0.1754,0.9693,0.1188,4.737,1.6,0.0092,4.3471,0.2021,3.6359
2020-09-01,1.3655,1.7717,1.4933,1.2932,0.3291,0.1762,0.9881,0.116,4.6769,1.6107,0.0092,4.3548,0.2005,3.6741
2020-08-01,1.3697,1.7988,1.5039,1.2915,0.327,0.1767,0.9855,0.1154,4.6608,1.62,0.0093,4.3878,0.1977,3.6694
2020-07-01,1.3883,1.7545,1.4838,1.2991,0.3255,0.1791,0.975,0.1158,4.7173,1.5889,0.0095,4.4187,0.198,3.7098
2020-06-01,1.3941,1.7464,1.4639,1.2959,0.3261,0.1799,0.9608,0.1154,4.6995,1.5693,0.0099,4.472,0.1967,3.7477
2020-05-01,1.418,1.7433,1.4625,1.3227,0.3265,0.1829,0.9238,0.1154,4.7387,1.5456,0.0095,4.4227,0.1996,3.7297
2020-04-01,1.4245,1.7673,1.4676,1.3216,0.3269,0.1838,0.8963,0.1163,4.7359,1.5484,0.009,4.3637,0.2013,3.7496
2020-03-01,1.4165,1.7531,1.4806,1.3193,0.3297,0.1824,0.8813,0.1161,4.6959,1.5691,0.0093,4.4131,0.2019,3.7678
2020-02-01,1.3897,1.8023,1.423,1.2629,0.3338,0.1787,0.9274,0.1163,4.6056,1.5157,0.0101,4.4349,0.1985,3.73
2020-01-01,1.3508,1.7662,1.3926,1.2357,0.3311,0.1738,0.9279,0.1159,4.4992,1.5006,0.0098,4.4405,0.1952,3.5893
2019-12-01,1.3573,1.7796,1.3799,1.2436,0.3272,0.1739,0.9337,0.1156,4.4826,1.5082,0.0097,4.4913,0.1935,3.4666
2019-11-01,1.3616,1.7546,1.3718,1.2512,0.3274,0.1739,0.9299,0.1165,4.4679,1.5053,0.0097,4.5018,0.1939,3.4742
2019-10-01,1.3713,1.7295,1.3802,1.2684,0.3274,0.1749,0.9317,0.1158,4.4668,1.5147,0.0097,4.5141,0.1932,3.4704
2019-09-01,1.3802,1.7039,1.3931,1.2846,0.3298,0.1761,0.9394,0.1154,4.4377,1.5197,0.0098,4.5147,0.1939,3.4514
2019-08-01,1.385,1.6832,1.4131,1.3025,0.3307,0.1767,0.9375,0.1144,4.4128,1.54,0.0097,4.5002,0.1961,3.4713
2019-07-01,1.3606,1.6986,1.3781,1.2576,0.3299,0.1742,0.9507,0.1157,4.3785,1.5274,0.0097,4.4176,0.1978,3.4722
2019-06-01,1.363,1.7273,1.3783,1.2615,0.3274,0.1742,0.9458,0.1161,4.3558,1.539,0.0096,4.3774,0.1975,3.4234
2019-05-01,1.3707,1.7623,1.3561,1.2463,0.3286,0.1747,0.9516,0.1158,4.3897,1.5336,0.0095,4.3101,0.1999,3.3863
2019-04-01,1.3561,1.7678,1.3467,1.215,0.3297,0.1729,0.9642,0.1187,4.3946,1.5239,0.0096,4.2557,0.2019,3.4084
2019-03-01,1.354,1.785,1.3534,1.2182,0.3319,0.1725,0.9588,0.1197,4.3885,1.5311,0.0095,4.2675,0.2018,3.4523
2019-02-01,1.3537,1.7607,1.3515,1.2263,0.3321,0.1725,0.9663,0.1206,4.3939,1.5358,0.0096,4.324,0.2009,3.4734
2019-01-01,1.3564,1.7485,1.372,1.2457,0.3295,0.173,0.9694,0.1209,4.3991,1.5497,0.0096,4.262,0.1998,3.5658
2018-12-01,1.3703,1.7357,1.381,1.22,0.3284,0.1752,0.9839,0.1221,4.4506,1.5593,0.0095,4.1898,0.199,3.6461
2018-11-01,1.3755,1.7742,1.3742,1.2137,0.3285,0.1757,0.9967,0.122,4.4597,1.5634,0.0094,4.1721,0.1981,3.6768
2018-10-01,1.3791,1.7955,1.389,1.2222,0.3316,0.176,0.9805,0.1219,4.4645,1.5852,0.0091,4.2084,0.1993,3.6795
2018-09-01,1.3715,1.7898,1.4171,1.2254,0.3313,0.175,0.9876,0.1225,4.4617,1.5992,0.0092,4.2043,0.2001,
2018-08-01,1.3689,1.7635,1.3843,1.2321,0.3344,0.1744,1.0027,0.122,4.4565,1.5807,0.0094,4.1421,0.1998,
2018-07-01,1.3632,1.7955,1.3708,1.2237,0.3367,0.1737,1.0094,0.1214,4.4603,1.593,0.0095,4.0958,0.203,
2018-06-01,1.3474,1.791,1.3618,1.225,0.3369,0.1717,1.0106,0.1233,4.4808,1.5743,0.0096,4.15,0.2084,
2018-05-01,1.3387,1.8048,1.3419,1.2202,0.3378,0.1706,1.0077,0.1243,4.4825,1.584,0.0095,4.1877,0.2101,
2018-04-01,1.3149,1.8526,1.3597,1.2228,0.3384,0.1675,1.0115,0.1231,4.4773,1.6156,0.0095,4.2012,0.2088,
2018-03-01,1.3148,1.8367,1.3892,1.2402,0.3367,0.1677,1.0212,0.1227,4.5014,1.6227,0.0096,4.2045,0.208,
2018-02-01,1.3198,1.8454,1.4124,1.2222,0.3374,0.1687,1.0395,0.1222,4.5139,1.6301,0.0097,4.1919,0.2089,
2018-01-01,1.322,1.8249,1.3739,1.1908,0.3343,0.169,1.0506,0.124,4.4954,1.6112,0.0099,4.1445,0.2056,
2017-12-01,1.3467,1.8057,1.364,1.1926,0.3302,0.1723,1.0289,0.1241,4.494,1.5938,0.0099,4.1239,0.2042,
2017-11-01,1.3561,1.793,1.3674,1.2016,0.325,0.1737,1.0341,0.1229,4.5069,1.5912,0.01,4.1183,0.2048,
2017-10-01,1.3604,1.7968,1.3863,1.2044,0.3217,0.1743,1.0593,0.1199,4.4936,1.5998,0.0101,4.0923,0.2053,
2017-09-01,1.3497,1.7971,1.4031,1.2195,0.3205,0.1728,1.0761,0.1191,4.4798,1.608,0.0101,4.0715,0.2055,
2017-08-01,1.3607,1.7649,1.4097,1.2388,0.3176,0.174,1.0774,0.1203,4.4989,1.608,0.0102,4.0906,0.2039,
2017-07-01,1.3717,1.7823,1.4289,1.2201,0.3197,0.1757,1.0688,0.1211,4.5106,1.5793,0.0103,4.0648,0.2025,
2017-06-01,1.3837,1.7717,1.4294,1.2481,0.3236,0.1775,1.045,0.1224,4.5716,1.5544,0.0104,4.0693,0.2033,
2017-05-01,1.3946,1.8018,1.4141,1.2432,0.3233,0.1791,1.0363,0.1239,4.627,1.5419,0.0105,4.0476,0.2025,
2017-04-01,1.398,1.7659,1.3969,1.2701,0.3172,0.1798,1.0538,0.1233,4.6028,1.4984,0.0105,4.0575,0.2029,
2017-03-01,1.4057,1.7342,1.4023,1.2441,0.3166,0.181,1.0715,0.124,4.5846,1.5021,0.0105,4.0271,0.2038,
2017-02-01,1.415,1.7681,1.4134,1.2516,0.3183,0.1824,1.0849,0.1238,4.5817,1.507,0.0106,4.0407,0.2059,
2017-01-01,1.4288,1.7609,1.4163,1.2436,0.3204,0.1842,1.065,0.121,4.5089,1.5182,0.0107,4.0294,0.2072,
2016-12-01,1.4358,1.7934,1.4082,1.2389,0.3219,0.185,1.0556,0.1213,4.4883,1.5143,0.0107,4.0121,0.2074,
2016-11-01,1.4101,1.7527,1.4175,1.3064,0.3254,0.1818,1.0624,0.1212,4.4404,1.5242,0.0106,3.9918,0.2061,
2016-10-01,1.3836,1.7095,1.4025,1.3338,0.3313,0.1784,1.0539,0.1228,4.3809,1.5264,0.0106,3.9467,0.2056,
2016-09-01,1.3592,1.7881,1.3953,1.3337,0.3307,0.1752,1.0324,0.1226,4.321,1.5237,0.0104,3.9143,0.2037,
2016-08-01,1.3474,1.7672,1.3886,1.3308,0.3345,0.1737,1.0276,0.1213,4.268,1.5108,0.0102,3.8818,0.2026,
2016-07-01,1.3508,1.7799,1.3754,1.297,0.3361,0.1742,1.0171,0.1184,4.2076,1.4947,0.0103,3.8538,0.2023,
2016-06-01,1.3555,1.924,1.3968,1.2863,0.3318,0.1746,1.002,0.1159,4.1885,1.5223,0.0102,3.8384,0.2056,
2016-05-01,1.3706,1.9918,1.4007,1.258,0.3386,0.1765,1.0026,0.1166,4.2098,1.5495,0.0102,3.8691,0.2099,
2016-04-01,1.3509,1.932,1.4014,1.2326,0.346,0.1742,1.0348,0.1177,4.1762,1.5317,0.0103,3.8478,0.2085,
2016-03-01,1.3748,1.9556,1.3982,1.2169,0.3372,0.1771,1.0292,0.1159,4.2048,1.5274,0.0104,3.9021,0.2113,
2016-02-01,1.4063,2.0115,1.4157,1.2255,0.3361,0.1807,1.0038,0.1154,4.2289,1.5602,0.0104,3.947,0.2148,
2016-01-01,1.4335,2.0659,1.4247,1.2131,0.33,0.1843,1.005,0.1191,4.2834,1.5577,0.0103,3.9639,0.2181,
2015-12-01,1.4085,2.1122,1.4151,1.1562,0.3289,0.1817,1.0212,0.12,4.2937,1.5323,0.0102,3.9116,0.2183,
2015-11-01,1.4125,2.1497,1.401,1.1538,0.3278,0.1822,1.0114,0.1226,4.3341,1.5185,0.0103,3.9485,0.2217,
2015-10-01,1.4019,2.149,1.4472,1.1678,0.3288,0.1809,1.0101,0.1224,4.3137,1.5746,0.0102,3.9264,0.2207,
2015-09-01,1.415,2.1717,1.4571,1.1785,0.3283,0.1826,0.9989,0.1193,4.3331,1.5906,0.0098,3.929,0.2222,
2015-08-01,1.3999,2.1849,1.4485,1.1378,0.3433,0.1806,1.0196,0.1185,4.34,1.5623,0.0101,3.9472,0.2202,
2015-07-01,1.3608,2.1173,1.4279,1.1043,0.358,0.1755,1.01,0.1188,4.3681,1.4981,0.0102,3.9647,0.2192,
2015-06-01,1.3457,2.0959,1.4447,1.0878,0.3596,0.1736,1.0384,0.121,4.3547,1.5108,0.0101,3.9884,0.2168,
2015-05-01,1.3347,2.0653,1.432,1.1055,0.3705,0.1722,1.0542,0.1221,4.363,1.4896,0.0102,3.9805,0.2151,
2015-04-01,1.35,2.0166,1.4031,1.1294,0.3715,0.1742,1.0429,0.1242,4.354,1.4564,0.0104,4.1521,0.2177,
2015-03-01,1.3771,2.0642,1.4052,1.1436,0.3742,0.1775,1.0644,0.1237,4.3783,1.4922,0.0105,4.2211,0.2207,
2015-02-01,1.3544,2.0736,1.4512,1.142,0.3765,0.1746,1.0547,0.1232,4.2975,1.5385,0.0106,4.1578,0.2166,
2015-01-01,1.3374,2.0276,1.4212,1.1301,0.3733,0.1725,1.0811,0.1228,4.2273,1.5564,0.0106,4.0829,0.215,
2014-12-01,1.3155,2.0566,1.3485,1.1021,0.378,0.1696,1.0849,0.1192,4.1937,1.6215,0.0106,3.9978,0.2125,
2014-11-01,1.2956,2.0454,1.3441,1.116,0.3875,0.1671,1.1208,0.118,4.2194,1.6169,0.0107,3.9507,0.2115,
2014-10-01,1.2738,2.0492,1.3384,1.1805,0.3897,0.1642,1.1186,0.1201,4.1909,1.6167,0.0105,3.9252,0.208,
2014-09-01,1.2628,2.0609,1.3503,1.1782,0.3927,0.1629,1.1449,0.1221,4.1952,1.6309,0.0106,3.9226,0.2057,
2014-08-01,1.2485,2.0864,1.3722,1.2128,0.3928,0.1611,1.1616,0.1219,4.1647,1.6633,0.0107,3.9001,0.2028,
2014-07-01,1.243,2.1242,1.3866,1.2223,0.3905,0.1604,1.1671,0.1218,4.1521,1.685,0.0107,3.8686,0.2005,
2014-06-01,1.2514,2.1152,1.3967,1.2263,0.3888,0.1614,1.172,0.1228,4.1733,1.7016,0.0105,3.8489,0.2008,
2014-05-01,1.2517,2.1089,1.409,1.2297,0.3877,0.1614,1.1649,0.1221,4.1558,1.7196,0.0109,3.849,0.2007,
2014-04-01,1.2557,2.1016,1.4217,1.2243,0.3853,0.1619,1.1692,0.1203,4.1549,1.7335,0.011,3.8833,0.2018,
2014-03-01,1.2674,2.1065,1.4391,1.2391,0.3861,0.1633,1.1495,0.1184,4.1697,1.7519,0.0111,3.9123,0.2053,
2014-02-01,1.2667,2.097,1.416,1.2408,0.3827,0.1633,1.1354,0.1182,4.1801,1.7297,0.0106,3.88,0.2083,
2014-01-01,1.2725,2.0961,1.4077,1.2233,0.3854,0.164,1.128,0.1194,4.2252,1.7343,0.0105,3.8634,0.2103,
2013-12-01,1.2588,2.062,1.4077,1.2169,0.3874,0.1624,1.1306,0.1191,4.2356,1.7244,0.0104,3.8894,0.2072,
2013-11-01,1.2474,2.0081,1.3664,1.248,0.3899,0.1609,1.1639,0.1174,4.2259,1.6836,0.0107,3.943,0.2047,
2013-10-01,1.2443,2.0035,1.3781,1.2719,0.3915,0.1605,1.1832,0.1167,4.2308,1.6971,0.011,3.9872,0.2039,
2013-09-01,1.2635,2.0025,1.3669,1.2736,0.3886,0.1629,1.1718,0.1166,4.2584,1.6865,0.0111,3.9842,0.2065,
2013-08-01,1.2737,1.9721,1.3755,1.3009,0.3882,0.1642,1.1501,0.114,4.2514,1.6965,0.0121,4.0264,0.2081,
2013-07-01,1.268,1.9258,1.3422,1.2726,0.3974,0.1635,1.1628,0.1126,4.2331,1.6593,0.0126,4.074,0.2067,
2013-06-01,1.2606,1.9528,1.3505,1.2947,0.4003,0.1624,1.1886,0.111,4.2113,1.6637,0.0128,4.087,0.2055,
2013-05-01,1.2481,1.909,1.3055,1.2364,0.4138,0.1608,1.237,0.1123,4.1929,1.6198,0.0128,4.1917,0.2033,
2013-04-01,1.238,1.8941,1.3207,1.2686,0.406,0.1595,1.2854,0.1104,4.1493,1.6111,0.0127,4.2582,0.2001,
2013-03-01,1.2466,1.8799,1.3178,1.3147,0.401,0.1607,1.2881,0.1131,4.1924,1.6171,0.0128,4.2221,0.2005,
2013-02-01,1.2381,1.9158,1.3448,1.3305,0.3996,0.1596,1.278,0.114,4.1817,1.6542,0.0128,4.1506,0.1986,
2013-01-01,1.2285,1.9624,1.3278,1.3796,0.4043,0.1584,1.2895,0.1152,4.2228,1.6323,0.0127,4.0863,0.1975,
2012-12-01,1.221,1.9701,1.3245,1.458,0.3996,0.1575,1.2775,0.1135,4.2027,1.6013,0.0127,3.9853,0.1959,
2012-11-01,1.2234,1.9549,1.3035,1.5113,0.4,0.1578,1.2735,0.1126,4.2001,1.5714,0.0127,3.9832,0.1963,
2012-10-01,1.2247,1.968,1.3121,1.5528,0.4005,0.158,1.2609,0.1106,4.1845,1.5875,0.0128,3.9894,0.1955,
2012-09-01,1.2318,1.9836,1.3104,1.5759,0.3999,0.1589,1.2802,0.1096,4.1717,1.5839,0.0129,3.973,0.1948,
2012-08-01,1.2485,1.9612,1.2884,1.5876,0.4002,0.161,1.3068,0.1103,4.1675,1.5477,0.0131,3.9707,0.1963,
2012-07-01,1.2618,1.9676,1.2925,1.5968,0.3983,0.1627,1.2983,0.1105,4.2092,1.5525,0.0133,3.9857,0.198,
2012-06-01,1.2783,1.988,1.3355,1.6126,0.4021,0.1648,1.2757,0.1098,4.2733,1.6042,0.0135,4.038,0.2009,
2012-05-01,1.2625,2.0101,1.3447,1.5835,0.4069,0.1626,1.2583,0.109,4.2826,1.6155,0.0136,4.0299,0.1996,
2012-04-01,1.2515,2.003,1.3706,1.5378,0.4087,0.1612,1.2948,0.1101,4.2475,1.6478,0.0136,4.0517,0.1985,
2012-03-01,1.2584,1.9917,1.3787,1.5262,0.4134,0.1621,1.3266,0.1117,4.2637,1.6636,0.0137,4.0992,0.1993,
2012-02-01,1.2537,1.9806,1.3737,1.5997,0.4147,0.1617,1.3447,0.1116,4.2438,1.6582,0.0139,4.0792,0.199,
2012-01-01,1.2805,1.9854,1.3634,1.6642,0.4113,0.1649,1.3302,0.112,4.2682,1.6514,0.014,4.0536,0.2028,
2011-12-01,1.2957,2.0201,1.3894,1.6643,0.4097,0.1666,1.3104,0.1128,4.2818,1.7069,0.0142,4.1553,0.204,
2011-11-01,1.2896,2.0378,1.4194,1.6639,0.4087,0.1657,1.3015,0.1137,4.2655,1.7486,0.0143,4.1645,0.2029,
2011-10-01,1.2792,2.011,1.4223,1.6662,0.4073,0.1644,1.2904,0.1108,4.2218,1.75,0.0144,4.1386,0.2008,
2011-09-01,1.2506,1.9745,1.4393,1.6286,0.4059,0.1604,1.28,0.1116,4.2068,1.7221,0.0143,4.1102,0.1957,
2011-08-01,1.2088,1.978,1.5501,1.5672,0.4052,0.155,1.2716,0.1126,4.1727,1.7325,0.0142,4.047,0.1887,
2011-07-01,1.2172,1.9639,1.4771,1.5328,0.4064,0.1563,1.3104,0.115,4.2229,1.7404,0.0143,4.0436,0.1885,
2011-06-01,1.2347,2.0041,1.4678,1.534,0.4076,0.1586,1.3093,0.1142,4.2863,1.777,0.0144,4.0464,0.1907,
2011-05-01,1.2374,2.0226,1.417,1.5252,0.4107,0.1592,1.3218,0.1142,4.3093,1.7744,0.0145,4.0936,0.1905,
2011-04-01,1.248,2.0406,1.3882,1.4973,0.4142,0.1605,1.3184,0.115,4.3026,1.8021,0.0144,4.1482,0.1911,
2011-03-01,1.2689,2.051,1.3799,1.5523,0.4178,0.1628,1.2814,0.1131,4.2992,1.7761,0.0145,4.1779,0.1932,
2011-02-01,1.2774,2.0603,1.3442,1.545,0.4194,0.164,1.2873,0.1143,4.3613,1.7443,0.0143,4.1617,0.1942,
2011-01-01,1.2879,2.0299,1.3465,1.5598,0.4208,0.1655,1.2821,0.1151,4.4273,1.7191,0.0143,4.2149,0.1952,
2010-12-01,1.3072,2.0395,1.3485,1.5695,0.418,0.1681,1.2969,0.114,4.374,1.7274,0.0145,4.3401,0.1966,
2010-11-01,1.2983,2.0726,1.3182,1.5749,0.4167,0.1674,1.2844,0.1151,4.2805,1.7736,0.0145,4.3441,0.1951,
2010-10-01,1.3046,2.0675,1.3468,1.5937,0.4208,0.1681,1.2795,0.1162,4.2348,1.812,0.0146,4.3536,0.1956,
2010-09-01,1.3359,2.0803,1.3333,1.5822,0.43,0.172,1.2508,0.1148,4.2134,1.7458,0.0149,4.3326,0.1981,
2010-08-01,1.3561,2.1222,1.303,1.5872,0.43,0.1745,1.2198,0.1148,4.2512,1.7483,0.0151,4.2715,0.1998,
2010-07-01,1.378,2.104,1.3066,1.5722,0.4295,0.1772,1.2041,0.1143,4.2903,1.7581,0.0152,4.2618,0.2033,
2010-06-01,1.3984,2.0621,1.2391,1.5384,0.4284,0.1795,1.1929,0.1152,4.3464,1.7085,0.0153,4.3065,0.205,
2010-05-01,1.3931,2.0449,1.2347,1.5113,0.4282,0.1789,1.2164,0.1197,4.3795,1.7539,0.0152,4.3022,0.204,
2010-04-01,1.3818,2.1187,1.2943,1.4798,0.4312,0.178,1.2799,0.1239,4.3917,1.8559,0.0153,4.2786,0.2024,
2010-03-01,1.4002,2.1079,1.3123,1.5473,0.4211,0.1804,1.2765,0.1231,4.3989,1.9015,0.0153,4.3047,0.2051,
2010-02-01,1.4124,2.2102,1.3183,1.565,0.4136,0.1818,1.2511,0.122,4.4068,1.9348,0.0151,4.2608,0.2068,
2010-01-01,1.3961,2.2573,1.3513,1.5306,0.4137,0.1798,1.2761,0.1227,4.3828,1.9946,0.0151,4.2264,0.2045,
2009-12-01,1.3961,2.2676,1.3576,1.5568,0.4091,0.1801,1.2596,0.1196,4.3275,2.0399,0.0148,4.2021,0.2045,
2009-11-01,1.3891,2.3086,1.3723,1.5548,0.4098,0.1792,1.2791,0.1195,4.2978,2.0725,0.0147,4.1732,0.2035,
2009-10-01,1.398,2.2623,1.3683,1.5497,0.4108,0.1804,1.2682,0.119,4.3274,2.0719,0.0147,4.1852,0.2048,
2009-09-01,1.4243,2.3252,1.3677,1.5574,0.4074,0.1838,1.2251,0.1171,4.3703,2.0716,0.0144,4.2095,0.2086,
2009-08-01,1.4421,2.3845,1.3501,1.523,0.4098,0.1861,1.2034,0.1162,4.388,2.0568,0.0145,4.2387,0.2111,
2009-07-01,1.4501,2.373,1.3431,1.5352,0.4088,0.1871,1.1655,0.1149,4.4086,2.041,0.0143,4.2586,0.2122,
2009-06-01,1.4523,2.3758,1.3448,1.5047,0.4128,0.1874,1.1649,0.115,4.431,2.0368,0.0142,4.2541,0.2125,
2009-05-01,1.4616,2.2527,1.3188,1.515,0.4149,0.1886,1.1159,0.1162,4.449,1.9936,0.0141,4.221,0.2142,
2009-04-01,1.5045,2.2108,1.311,1.5244,0.4168,0.1941,1.0723,0.1124,4.4697,1.9853,0.0136,4.2437,0.2203,
2009-03-01,1.5303,2.1739,1.325,1.5659,0.4164,0.1974,1.0176,0.1054,4.4583,1.9973,0.0129,4.2761,0.2239,
2009-02-01,1.5178,2.1868,1.3031,1.6432,0.4175,0.1958,0.9847,0.1058,4.4361,1.9415,0.0128,4.2981,0.222,
2009-01-01,1.488,2.163,1.3267,1.6443,0.4173,0.1918,1.0114,0.1101,4.4643,1.982,0.0134,4.2613,0.2177,
2008-12-01,1.4778,2.2079,1.2984,1.6198,0.4165,0.1907,0.9914,0.1089,4.4629,1.9972,0.0131,4.2139,0.2156,
2008-11-01,1.5067,2.3099,1.2665,1.5551,0.42,0.1944,0.9874,0.108,4.5517,1.9166,0.0129,4.2935,0.2206,
2008-10-01,1.4763,2.5066,1.2938,1.4731,0.419,0.1902,1.0205,0.1114,4.5188,1.9678,0.0148,4.287,0.216,
2008-09-01,1.4287,2.5717,1.2901,1.3403,0.4153,0.1834,1.172,0.1259,4.467,2.0564,0.0153,4.166,0.209,
2008-08-01,1.4029,2.655,1.2971,1.2838,0.4216,0.1797,1.2394,0.1343,4.495,2.1029,0.0153,4.1439,0.2047,
2008-07-01,1.3588,2.7028,1.3241,1.2732,0.4181,0.1742,1.308,0.1336,4.4687,2.1431,0.0148,4.056,0.1987,
2008-06-01,1.3676,2.688,1.3185,1.2793,0.4197,0.1752,1.3011,0.1328,4.5028,2.1277,0.0147,4.1193,0.1982,
2008-05-01,1.3665,2.6854,1.309,1.3113,0.4247,0.1752,1.2967,0.1317,4.4662,2.1255,0.0147,4.2572,0.196,
2008-04-01,1.3644,2.703,1.3477,1.3308,0.4315,0.1751,1.2692,0.1383,4.4968,2.1504,0.0148,4.3184,0.1949,
2008-03-01,1.3855,2.7739,1.3697,1.3755,0.4348,0.178,1.2812,0.1412,4.5291,2.1502,0.0151,4.4024,0.1958,
2008-02-01,1.4108,2.7728,1.2943,1.316,0.4377,0.1809,1.2907,0.1494,4.4673,2.0825,0.0154,4.3321,0.1969,
2008-01-01,1.4315,2.8178,1.2991,1.3271,0.4379,0.1834,1.2618,0.1518,4.4229,2.1054,0.0152,4.3133,0.1977,
2007-12-01,1.4489,2.9301,1.2727,1.291,0.4346,0.1858,1.266,0.1557,4.4696,2.1121,0.0155,4.2974,0.1966,
2007-11-01,1.4471,2.9978,1.2893,1.304,0.431,0.1861,1.2986,0.1575,4.4755,2.1255,0.0156,4.271,0.195,
2007-10-01,1.4666,2.9972,1.2489,1.2667,0.4342,0.1891,1.3178,0.1602,4.5064,2.0864,0.0161,4.2919,0.1955,
2007-09-01,1.5126,3.051,1.2749,1.3147,0.4354,0.1943,1.2779,0.1627,4.5799,2.1004,0.0163,4.4147,0.2011,
2007-08-01,1.5236,3.0611,1.2664,1.3067,0.437,0.1949,1.2608,0.1629,4.6218,2.0741,0.0162,4.4542,0.2011,
2007-07-01,1.5161,3.0837,1.2552,1.2467,0.4405,0.1939,1.3158,0.165,4.622,2.0796,0.0167,4.4981,0.2001,
2007-06-01,1.5365,3.0517,1.2461,1.2531,0.446,0.1966,1.2939,0.1656,4.6593,2.062,0.0171,4.4428,0.2013,
2007-05-01,1.5222,3.0206,1.2462,1.2613,0.4474,0.1947,1.2554,0.164,4.5747,2.0574,0.0172,4.3964,0.1983,
2007-04-01,1.5149,3.0111,1.2495,1.2749,0.4407,0.1938,1.252,0.1627,4.57,2.0465,0.0167,4.3427,0.1961,
2007-03-01,1.5249,2.9693,1.2521,1.2997,0.4367,0.1952,1.2076,0.1617,4.6183,2.0193,0.0166,4.3486,0.197,
2007-02-01,1.534,3.0063,1.2365,1.2717,0.4387,0.1964,1.1991,0.1637,4.6536,2.0047,0.0169,4.2911,0.1979,
2007-01-01,1.5379,3.0132,1.237,1.2771,0.4384,0.1972,1.204,0.164,4.6931,1.9981,0.0169,4.2742,0.1974,
2006-12-01,1.5405,3.0255,1.2746,1.3146,0.4336,0.1982,1.2107,0.1664,4.7398,2.0351,0.017,4.307,0.1969,
2006-11-01,1.5567,2.9746,1.2591,1.3277,0.4272,0.2,1.2018,0.1664,4.7444,2.0046,0.017,4.2599,0.1979,
2006-10-01,1.5788,2.9603,1.2535,1.3308,0.4292,0.2027,1.189,0.1656,4.7589,1.993,0.0172,4.228,0.1998,
2006-09-01,1.5789,2.9809,1.2705,1.3487,0.43,0.2029,1.1949,0.1657,4.7994,2.0121,0.0173,4.2172,0.199,
2006-08-01,1.5757,2.9806,1.2791,1.36,0.4288,0.2026,1.2028,0.1639,4.8054,2.0183,0.0173,4.1875,0.1977,
2006-07-01,1.5833,2.9193,1.2811,1.369,0.4316,0.2037,1.1899,0.1666,4.8545,2.0094,0.0173,4.1674,0.1982,
2006-06-01,1.5905,2.934,1.2914,1.3885,0.4339,0.2049,1.1775,0.1666,4.8988,2.0144,0.017,4.1458,0.1985,
2006-05-01,1.5773,2.9465,1.294,1.411,0.4363,0.2034,1.2031,0.1675,4.9626,2.0133,0.0174,4.1509,0.1969,
2006-04-01,1.6014,2.8273,1.2466,1.3684,0.4372,0.2064,1.1777,0.1682,4.9577,1.9641,0.0179,4.2146,0.1998,
2006-03-01,1.6217,2.83,1.2428,1.383,0.4378,0.209,1.1801,0.1663,4.9923,1.95,0.0177,4.1589,0.2019,
2006-02-01,1.6294,2.8501,1.2497,1.3819,0.4371,0.21,1.2082,0.1678,5.0406,1.9477,0.0176,4.1327,0.2024,
2006-01-01,1.633,2.8839,1.2787,1.4169,0.4352,0.2106,1.2247,0.1659,5.0899,1.9807,0.0172,4.1163,0.2025,
2005-12-01,1.6752,2.9259,1.2837,1.4123,0.4434,0.216,1.2436,0.1637,5.0289,1.9864,0.017,4.075,0.2075,
2005-11-01,1.6986,2.9434,1.2944,1.4332,0.4495,0.219,1.2478,0.1632,5.059,2.0001,0.0169,4.1276,0.2103,
2005-10-01,1.6908,2.9828,1.3128,1.4733,0.4481,0.218,1.2753,0.1616,5.0494,2.0334,0.0168,4.1337,0.2094,
2005-09-01,1.6808,3.0409,1.33,1.5132,0.446,0.2165,1.2862,0.1633,5.1077,2.0605,0.0164,4.0944,0.2081,
2005-08-01,1.6625,2.9805,1.3154,1.5024,0.4421,0.2139,1.2653,0.1627,5.1797,2.0428,0.0166,4.0368,0.2052,
2005-07-01,1.6838,2.9517,1.3023,1.5044,0.4445,0.2165,1.2671,0.1622,5.2776,2.0287,0.0172,4.0359,0.2046,
2005-06-01,1.6716,3.0416,1.322,1.5391,0.4399,0.215,1.2811,0.1652,5.3308,2.034,0.0174,4.0847,0.202,
2005-05-01,1.6512,3.0658,1.3576,1.5491,0.4345,0.2119,1.265,0.1648,5.2768,2.0974,0.0174,4.1475,0.1995,
2005-04-01,1.6532,3.1324,1.3822,1.5402,0.4351,0.212,1.2774,0.1636,5.2425,2.1389,0.0173,4.1804,0.1998,
2005-03-01,1.6308,3.108,1.3895,1.55,0.4292,0.2091,1.2803,0.1618,5.237,2.1524,0.0174,4.2261,0.197,
2005-02-01,1.638,3.0951,1.3783,1.5623,0.431,0.21,1.2804,0.1604,5.1988,2.1361,0.0177,4.2584,0.1979,
2005-01-01,1.6381,3.0797,1.391,1.5863,0.4311,0.2102,1.2542,0.1579,5.133,2.1518,0.0178,4.2251,0.1979,
2004-12-01,1.6415,3.1662,1.4329,1.5816,0.432,0.2111,1.2612,0.1563,5.0984,2.1999,0.0178,4.1864,0.1983,
2004-11-01,1.651,3.0669,1.408,1.5766,0.4345,0.2123,1.2697,0.1521,5.0406,2.1428,0.0183,4.0943,0.1995,
2004-10-01,1.6778,3.0303,1.3577,1.5394,0.4415,0.2154,1.2287,0.1468,4.9627,2.095,0.0184,4.0614,0.2027,
2004-09-01,1.696,3.0414,1.343,1.5411,0.4463,0.2175,1.1902,0.1477,5.0001,2.0722,0.0185,4.0895,0.2049,
2004-08-01,1.7144,3.1194,1.3573,1.5534,0.4511,0.2198,1.2169,0.148,5.0259,2.0882,0.0185,4.1313,0.2071,
2004-07-01,1.712,3.1558,1.3763,1.566,0.4505,0.2195,1.2261,0.1478,5.0522,2.1013,0.0189,4.1825,0.2069,
2004-06-01,1.7123,3.1306,1.3688,1.5653,0.4506,0.2196,1.1866,0.1479,5.0898,2.0777,0.0182,4.1969,0.2069,
2004-05-01,1.7101,3.0549,1.3329,1.5265,0.45,0.2193,1.2055,0.1453,5.1023,2.053,0.019,4.2223,0.2066,
2004-04-01,1.684,3.0401,1.2997,1.5674,0.4432,0.216,1.2537,0.1462,5.1033,2.02,0.0195,4.2721,0.2035,
2004-03-01,1.6997,3.1087,1.3314,1.5648,0.4473,0.2181,1.2743,0.1458,5.1044,2.0858,0.0198,4.3088,0.2054,
2004-02-01,1.6861,3.1521,1.3559,1.5825,0.4437,0.2169,1.3126,0.1446,5.0774,2.133,0.02,4.3132,0.2037,
2004-01-01,1.6987,3.0892,1.3675,1.5964,0.447,0.2188,1.3062,0.1435,5.0437,2.1405,0.0203,4.3425,0.2052,
2003-12-01,1.7107,2.9929,1.3512,1.5866,0.4502,0.2203,1.2634,0.1434,5.023,2.1002,0.0201,4.306,0.2067,
2003-11-01,1.7289,2.9199,1.2967,1.5832,0.455,0.2227,1.2371,0.1459,5.08,2.0221,0.0203,4.3325,0.2089,
2003-10-01,1.7332,2.9049,1.3099,1.5829,0.4561,0.2239,1.2013,0.1487,5.1213,2.0276,0.0205,4.3653,0.2094,
2003-09-01,1.7462,2.8121,1.2669,1.517,0.4595,0.2242,1.1547,0.1498,5.1377,1.9602,0.0206,4.3116,0.211,
2003-08-01,1.7535,2.796,1.2699,1.4757,0.4614,0.2248,1.1416,0.1488,5.1087,1.9559,0.0206,4.2076,0.2118,
2003-07-01,1.7552,2.8523,1.2902,1.479,0.4619,0.2251,1.1624,0.1487,5.1027,1.9966,0.0211,4.2015,0.2121,
2003-06-01,1.7342,2.8792,1.316,1.4659,0.4564,0.2224,1.1518,0.1453,5.0092,2.0253,0.0211,4.1648,0.2095,
2003-05-01,1.7341,2.8145,1.3248,1.4779,0.4564,0.2224,1.1242,0.1445,4.9958,2.0076,0.0206,4.1113,0.2095,
2003-04-01,1.7765,2.7976,1.2899,1.4823,0.4675,0.2278,1.0828,0.1442,5.1022,1.9291,0.0202,4.1405,0.2146,
2003-03-01,1.7527,2.7753,1.289,1.4779,0.4612,0.2247,1.0559,0.1419,5.0492,1.8935,0.0196,4.1015,0.2118,
2003-02-01,1.7455,2.8095,1.2824,1.4631,0.4594,0.2238,1.039,0.1464,5.0203,1.8814,0.0196,4.0706,0.2109,
2003-01-01,1.7355,2.806,1.2616,1.461,0.4567,0.2225,1.0119,0.1474,5.0168,1.8435,0.0195,4.057,0.2097,
2002-12-01,1.7528,2.7801,1.2181,1.4376,0.4613,0.2248,0.9874,,,1.7866,,,0.2118,
2002-11-01,1.765,2.7742,1.2048,1.4525,0.4645,0.2263,0.9905,,,1.7677,,,0.2132,
2002-10-01,1.7858,2.7818,1.1967,1.4411,0.47,0.229,0.9819,,,1.7527,,,0.2158,
2002-09-01,1.7655,2.7468,1.1821,1.4635,0.4646,0.2264,0.9663,,,1.732,,,0.2133,
2002-08-01,1.7548,2.7007,1.1742,1.4758,0.4618,0.225,0.9519,,,1.7178,,,0.212,
2002-07-01,1.7523,2.7259,1.1897,1.4847,0.4611,0.2247,0.9715,,,1.7401,,,0.2117,
2002-06-01,1.7832,2.6416,1.1565,1.4436,0.4693,0.2286,1.0159,,,1.7017,,,0.2154,
2002-05-01,1.7997,2.6285,1.1332,1.4235,0.4736,0.2308,0.9896,,,1.6501,,,0.2174,
2002-04-01,1.829,2.6371,1.1048,1.3969,0.4813,0.2345,0.9799,,,1.6192,,,0.221,
2002-03-01,1.8287,2.6023,1.0919,1.3946,0.4812,0.2345,0.9588,,,1.6032,,,0.2209,
2002-02-01,1.8314,2.6058,1.0777,1.3706,0.4819,0.2348,0.9402,,,1.5923,,,0.2213,
2002-01-01,1.8388,2.6375,1.1036,1.3869,0.4839,0.2358,0.9508,,,1.627,,,0.2222,
2001-12-01,1.8374,2.646,1.1106,1.4432,0.4835,0.2356,0.9448,,,1.639,,,0.222,
2001-11-01,1.8294,2.6292,1.1091,1.4951,0.4814,0.2346,0.9449,,,1.625,,,0.221,
2001-10-01,1.8089,2.6276,1.108,1.4921,0.476,0.2319,0.9129,,,1.6403,,,0.2186,
2001-09-01,1.7484,2.5584,1.0685,1.4717,0.4601,0.2242,0.886,,,1.5938,,,0.2112,
2001-08-01,1.7618,2.5322,1.0483,1.4495,0.4636,0.2259,0.9249,,,1.588,,,0.2129,
2001-07-01,1.8237,2.579,1.0362,1.4636,0.4799,0.2338,0.93,,,1.5683,,,0.2203,
2001-06-01,1.8157,2.5472,1.0179,1.4871,0.4778,0.2328,0.9409,,,1.5501,,,0.2194,
2001-05-01,1.8135,2.5874,1.0353,1.4888,0.4772,0.2325,0.9442,,,1.5872,,,0.2191,
2001-04-01,1.8115,2.5996,1.0586,1.4626,0.4767,0.2323,0.9081,,,1.6182,,,0.2189,
2001-03-01,1.7708,2.5586,1.049,1.4597,0.466,0.227,0.8925,,,1.6112,,,0.2139,
2001-02-01,1.7431,2.5342,1.0465,1.5002,0.4587,0.2235,0.933,,,1.607,,,0.2106,
2001-01-01,1.7365,2.571,1.068,1.4871,0.457,0.2226,0.9665,,,1.6321,,,0.2098,
2000-12-01,1.7364,2.536,1.028,1.5497,0.457,0.2226,0.9488,,,1.5543,,,0.2098,
2000-11-01,1.7468,2.4921,0.9826,1.604,0.4597,0.224,0.9124,,,1.4937,,,0.211,
2000-10-01,1.7513,2.5461,0.9909,1.616,0.4609,0.2246,0.9264,,,1.5004,,,0.2115,
2000-09-01,1.738,2.4916,0.9895,1.6273,0.4574,0.2229,0.9629,,,1.5142,,,0.2099,
2000-08-01,1.7201,2.5608,1.005,1.5913,0.4526,0.2205,1.0008,,,1.5592,,,0.2077,
2000-07-01,1.7403,2.6259,1.0557,1.6129,0.458,0.2232,1.0242,,,1.6369,,,0.2102,
2000-06-01,1.7278,2.6079,1.0503,1.6263,0.4547,0.2217,1.0256,,,1.6394,,,0.2087,
2000-05-01,1.7281,2.6093,1.0071,1.5974,0.4548,0.2218,1.0003,,,1.5683,,,0.2088,
2000-04-01,1.7097,2.7073,1.0299,1.6209,0.4499,0.2196,1.0215,,,1.6209,,,0.2065,
2000-03-01,1.7152,2.7117,1.0318,1.6071,0.4514,0.2203,1.0453,,,1.6556,,,0.2072,
2000-02-01,1.7005,2.7272,1.0413,1.5538,0.4475,0.2185,1.0689,,,1.673,,,0.2054,
2000-01-01,1.6733,2.7443,1.0553,1.5939,0.4403,0.2151,1.1006,,,1.6995,,,0.2021,
1999-12-01,1.6746,2.7026,1.0601,1.6316,0.4407,0.2155,1.0722,,,1.695,,,0.2023,
1999-11-01,1.6704,2.7115,1.077,1.5951,0.4396,0.2149,1.0685,,,1.7287,,,0.2018,
1999-10-01,1.6765,2.7794,1.1276,1.5809,0.4412,0.2158,1.0932,,,1.7971,,,0.2025,
1999-09-01,1.6959,2.7518,1.1114,1.5816,0.4463,0.2184,1.0986,,,1.7805,,,0.2049,
1999-08-01,1.6797,2.6984,1.1131,1.4826,0.442,0.2164,1.0828,,,1.7813,,,0.2029,
1999-07-01,1.6965,2.6703,1.0946,1.4172,0.4464,0.2186,1.1119,,,1.7559,,,0.2049,
1999-06-01,1.7121,2.7329,1.1154,1.4171,0.4506,0.2207,1.1229,,,1.7778,,,0.2068,
1999-05-01,1.7123,2.7637,1.1358,1.4051,0.4506,0.2209,1.1336,,,1.8207,,,0.2068,
1999-04-01,1.7134,2.7585,1.1457,1.4321,0.4509,0.2211,1.0993,,,1.835,,,0.207,
1999-03-01,1.7294,2.8027,1.1814,1.4459,0.4551,0.2232,1.0893,,,1.8843,,,0.2089,
1999-02-01,1.7005,2.7705,1.1923,1.4599,0.4469,0.2195,1.0885,,,1.9071,,,0.2054,
1999-01-01,1.6781,2.7698,1.2132,1.4834,0.4416,0.2166,1.0588,,,1.9482,,,0.2027,
1998-12-01,1.653,2.7627,1.2152,1.4076,0.435,0.2131,1.0229,,,,,,0.1997,
1998-11-01,1.6389,2.7239,1.1843,1.3619,0.4313,0.2116,1.0391,,,,,,0.198,
1998-10-01,1.6405,2.7786,1.2255,1.3516,0.4317,0.2117,1.013,,,,,,0.1982,
1998-09-01,1.7263,2.9001,1.2308,1.2831,0.4529,0.2228,1.0162,,,,,,0.2085,
1998-08-01,1.7538,2.8657,1.174,1.2138,0.4176,0.2263,1.0347,,,,,,0.2118,
1998-07-01,1.7077,2.8088,1.1282,1.2138,0.411,0.2204,1.0549,,,,,,0.2063,
1998-06-01,1.6953,2.7949,1.1354,1.2069,0.4243,0.2188,1.0217,,,,,,0.2047,
1998-05-01,1.6382,2.6828,1.1088,1.2133,0.4297,0.2114,1.0319,,,,,,0.1979,
1998-04-01,1.6011,2.6789,1.0646,1.215,0.4281,0.2066,1.0444,,,,,,0.1934,
1998-03-01,1.6171,2.6851,1.0875,1.2567,0.4329,0.2088,1.0833,,,,,,0.1953,
1998-02-01,1.6579,2.7187,1.1331,1.3173,0.4321,0.2142,1.1167,,,,,,0.2003,
1998-01-01,1.7533,2.8662,1.1881,1.3471,0.399,0.2264,1.1429,,,,,,0.2118,
1997-12-01,1.648,2.7411,1.1464,1.2728,0.4367,0.2128,1.0909,,,,,,0.199,
1997-11-01,1.5822,2.6699,1.1255,1.2652,0.4676,0.2046,1.1006,,,,,,0.1911,
1997-10-01,1.5577,2.5395,1.0721,1.2863,0.4744,0.2014,1.1248,,,,,,0.188,
1997-09-01,1.5177,2.4302,1.0309,1.2565,0.5045,0.196,1.0989,,,,,,0.1831,
1997-08-01,1.4965,2.4023,0.9889,1.2697,0.5451,0.1933,1.1096,,,,,,0.1805,
1997-07-01,1.4497,2.4244,0.9808,1.2592,0.5635,0.1872,1.0761,,,,,,0.1749,
1997-06-01,1.4271,2.3469,0.9916,1.2491,0.5672,0.1843,1.076,,,,,,0.1721,
1997-05-01,1.4361,2.3441,1.0033,1.2062,0.5728,0.1855,1.1129,,,,,,0.1732,
1997-04-01,1.4413,2.3504,0.9872,1.1478,0.5763,0.186,1.1229,,,,,,0.1737,
1997-03-01,1.4358,2.3097,0.9806,1.1714,0.5798,0.1854,1.1328,,,,,,0.1731,
1997-02-01,1.4193,2.3061,0.9756,1.1543,0.5709,0.1832,1.0896,,,,,,0.1711,
1997-01-01,1.4061,2.3362,1.0106,1.1935,0.5649,0.1817,1.0944,,,,,,0.1695,
1996-12-01,1.4005,2.3314,1.0549,1.2298,0.5545,0.1811,1.1171,,,,,,0.1688,
1996-11-01,1.4028,2.3322,1.1013,1.249,0.5558,0.1814,1.1177,,,,,,0.169,
1996-10-01,1.4122,2.2368,1.1227,1.2575,0.5635,0.1826,1.1184,,,,,,0.1702,
1996-09-01,1.4082,2.1962,1.1447,1.2827,0.5632,0.1821,1.1163,,,,,,0.1696,
1996-08-01,1.4126,2.1896,1.1756,1.3105,0.5667,0.1826,1.1065,,,,,,0.17,
1996-07-01,1.4155,2.1988,1.147,1.2951,0.5683,0.1829,1.1173,,,,,,0.1702,
1996-06-01,1.4091,2.1728,1.1211,1.2938,0.5645,0.1821,1.1158,,,,,,0.1693,
1996-05-01,1.4078,2.13,1.1224,1.324,0.5647,0.182,1.1227,,,,,,0.169,
1996-04-01,1.4084,2.1358,1.1569,1.3105,0.5607,0.1825,1.1081,,,,,,0.169,
1996-03-01,1.4092,2.153,1.1784,1.331,0.5541,0.1823,1.0871,,,,,,0.1692,
1996-02-01,1.4128,2.1689,1.1802,1.3353,0.5544,0.1827,1.0672,,,,,,0.1699,
1996-01-01,1.4213,2.1752,1.2053,1.3458,0.556,0.1838,1.0542,,,,,,0.1709,
1995-12-01,1.4145,2.1786,1.2158,1.3894,0.5569,0.1829,1.0487,,,,,,0.1701,
1995-11-01,1.413,2.2103,1.2375,1.3861,0.5565,0.1827,1.0539,,,,,,0.17,
1995-10-01,1.4238,2.2482,1.2432,1.4142,0.5623,0.1841,1.0806,,,,,,0.1712,
1995-09-01,1.4341,2.2334,1.2061,1.4264,0.5708,0.1853,1.0817,,,,,,0.1724,
1995-08-01,1.4109,2.2109,1.1792,1.4916,0.5688,0.1822,1.0462,,,,,,0.1698,
1995-07-01,1.3984,2.2277,1.2106,1.6042,0.5709,0.1807,1.0156,,,,,,0.1685,
1995-06-01,1.3949,2.2252,1.2053,1.6503,0.571,0.1803,1.0039,,,,,,0.168,
1995-05-01,1.3937,2.2147,1.1953,1.6422,0.5647,0.1802,1.0139,,,,,,0.1675,
1995-04-01,1.3985,2.2503,1.2318,1.6739,0.5638,0.1809,1.029,,,,,,0.166,
1995-03-01,1.4203,2.2729,1.2145,1.5698,0.5576,0.1837,1.0436,,,,,,0.1685,
1995-02-01,1.4538,2.2852,1.1442,1.4805,0.5696,0.188,1.0824,,,,,,0.1723,
1995-01-01,1.4524,2.2848,1.1276,1.4561,0.5686,0.1875,1.1128,,,,,,0.1721,
1994-12-01,1.4651,2.2834,1.1024,1.4631,0.5718,0.1894,1.1339,,,,,,0.1727,
1994-11-01,1.4681,2.3328,1.1334,1.4977,0.5736,0.1899,1.1077,,,,,,0.1724,
1994-10-01,1.4763,2.3701,1.1674,1.4977,0.5771,0.191,1.0899,,,,,,0.1731,
1994-09-01,1.4891,2.327,1.1522,1.5074,0.5824,0.1927,1.1039,,,,,,0.1744,
1994-08-01,1.5043,2.3207,1.1414,1.507,0.5869,0.1947,1.1135,,,,,,0.1752,
1994-07-01,1.5144,2.3407,1.1436,1.5372,0.5837,0.196,1.1126,,,,,,0.1753,
1994-06-01,1.5304,2.3339,1.1134,1.4905,0.5904,0.198,1.1222,,,,,,0.1768,
1994-05-01,1.5463,2.3237,1.0939,1.4918,0.5916,0.2002,1.1192,,,,,,0.1785,
1994-04-01,1.5622,2.3149,1.0867,1.5103,0.5814,0.2022,1.1182,,,,,,0.1797,
1994-03-01,1.5819,2.3595,1.1054,1.5051,0.5825,0.2047,1.1258,,,,,,0.1819,
1994-02-01,1.5879,2.3537,1.0913,1.4964,0.5744,0.2054,1.1369,,,,,,0.1826,
1994-01-01,1.6032,2.3921,1.0892,1.4375,0.5918,0.2075,1.1148,,,,,,0.1843,
1993-12-01,1.5977,2.3826,1.0919,1.4547,0.6216,0.2068,1.0759,,,,,,0.1836,
1993-11-01,1.5951,2.3628,1.0658,1.479,0.6247,0.2064,1.0605,,,,,,0.1834,
1993-10-01,1.5716,2.3637,1.0922,1.4707,0.6171,0.2033,1.0382,,,,,,0.1806,
1993-09-01,1.5973,2.4362,1.1262,1.5166,0.6271,0.2064,1.0432,,,,,,0.1827,
1993-08-01,1.6098,2.4009,1.0756,1.5539,0.6309,0.2076,1.092,,,,,,0.1827,
1993-07-01,1.6211,2.426,1.0705,1.5042,0.6308,0.209,1.0979,,,,,,0.1837,
1993-06-01,1.6164,2.4401,1.0965,1.5068,0.6292,0.2089,1.0911,,,,,,0.1527,
1993-05-01,1.6131,2.5001,1.1135,1.4628,0.6288,0.2087,1.126,,,,,,,
1993-04-01,1.6229,2.5068,1.1121,1.4447,0.6293,0.2099,1.1552,,,,,,,
1993-03-01,1.6446,2.3951,1.0798,1.4049,0.6308,0.2127,1.1636,,,,,,,
1993-02-01,1.6468,2.3709,1.0849,1.3613,0.6262,0.2129,1.122,,,,,,,
1993-01-01,1.6531,2.5401,1.1186,1.3218,0.6361,0.2136,1.1141,,,,,,,
1992-12-01,1.6394,2.5418,1.1528,1.3223,0.638,0.2117,1.1306,,,,,,,
1992-11-01,1.6323,2.4935,1.1445,1.3177,0.647,0.211,1.1274,,,,,,,
1992-10-01,1.6064,2.6767,1.2278,1.3275,0.6414,0.2078,1.1492,,,,,,,
1992-09-01,1.5983,2.9678,1.2516,1.3028,0.6386,0.2068,1.1549,,,,,,,
1992-08-01,1.6076,3.1197,1.238,1.2735,0.6437,0.2079,1.1662,,,,,,,
1992-07-01,1.614,3.0962,1.2096,1.2844,0.6455,0.2087,1.203,,,,,,,
1992-06-01,1.6239,3.0098,1.1391,1.2809,0.6446,0.2099,1.2279,,,,,,,
1992-05-01,1.6399,2.9659,1.0989,1.2544,0.6498,0.2118,1.2399,,,,,,,
1992-04-01,1.6564,2.9078,1.0903,1.2398,0.6489,0.214,1.2635,,,,,,,
1992-03-01,1.6596,2.8632,1.101,1.2504,0.6436,0.2142,1.259,,,,,,,
1992-02-01,1.6366,2.9094,1.1238,1.2827,0.629,0.2109,1.2304,,,,,,,
1992-01-01,1.6332,2.9621,1.1672,1.3059,0.607,0.2104,1.2215,,,,,,,
1991-12-01,1.6461,3.0042,1.1874,1.2853,0.6003,0.2118,1.2709,,,,,,,
1991-11-01,1.6716,2.9719,1.1639,1.2888,0.6097,0.2154,1.3146,,,,,,,
1991-10-01,1.6928,2.9139,1.1447,1.295,0.6165,0.2183,1.3436,,,,,,,
1991-09-01,1.7019,2.9332,1.1467,1.2652,0.6169,0.2195,1.3488,,,,,,,
1991-08-01,1.7269,2.9051,1.1345,1.2613,0.6212,0.2224,1.3505,,,,,,,
1991-07-01,1.7566,2.8898,1.1321,1.2731,0.6302,0.2263,1.3542,,,,,,,
1991-06-01,1.778,2.9383,1.165,1.2714,0.6395,0.2299,1.3508,,,,,,,
1991-05-01,1.7679,3.0534,1.2164,1.2804,0.6412,0.2272,1.3705,,,,,,,
1991-04-01,1.7693,3.0951,1.2297,1.2891,0.6434,0.227,1.3793,,,,,,,
1991-03-01,1.7565,3.2189,1.2713,1.2822,0.641,0.2254,1.3552,,,,,,,
1991-02-01,1.7176,3.3773,1.3571,1.3171,0.6367,0.2204,1.3467,,,,,,,
1991-01-01,1.7454,3.3692,1.3719,1.3026,0.6428,0.2238,1.3598,,,,,,,
1990-12-01,1.7265,3.3227,1.3499,1.2916,0.6388,0.2213,1.3295,,,,,,,
1990-11-01,1.7084,3.3537,1.3602,1.3253,0.6341,0.2192,1.3226,,,,,,,
1990-10-01,1.7267,3.356,1.3477,1.3294,0.6398,0.2222,1.3887,,,,,,,
1990-09-01,1.7654,3.3242,1.3518,1.2714,0.655,0.2274,1.4571,,,,,,,
1990-08-01,1.791,3.4034,1.3691,1.2148,0.6644,0.2304,1.4485,,,,,,,
1990-07-01,1.82,3.2883,1.3062,1.2211,0.6729,0.2342,1.4414,,,,,,,
1990-06-01,1.8463,3.152,1.2958,1.2011,0.6814,0.2372,1.4367,,,,,,,
1990-05-01,1.857,3.117,1.3088,1.2089,0.6875,0.2385,1.4156,,,,,,,
1990-04-01,1.8785,3.0741,1.2626,1.1851,0.689,0.2409,1.4342,,,,,,,
1990-03-01,1.8774,3.0511,1.2421,1.2266,0.691,0.2403,1.4184,,,,,,,
1990-02-01,1.8637,3.1585,1.2517,1.2808,0.6895,0.2386,1.416,,,,,,,
1990-01-01,1.8895,3.1134,1.2435,1.3015,0.6988,0.2419,1.4799,,,,,,,
1989-12-01,1.9178,3.0603,1.2234,1.3351,0.7094,0.2456,1.5072,,,,,,,
1989-11-01,1.9585,3.0825,1.21,1.3649,0.7246,0.2507,1.5324,,,,,,,
1989-10-01,1.9622,3.1186,1.2034,1.3827,0.7282,0.2513,1.5209,,,,,,,
1989-09-01,1.9753,3.1063,1.1715,1.3617,0.7322,0.253,1.5251,,,,,,,
1989-08-01,1.9588,3.1283,1.1811,1.3876,0.7305,0.2509,1.4921,,,,,,,
1989-07-01,1.959,3.1744,1.2004,1.3921,0.7304,0.2511,1.483,,,,,,,
1989-06-01,1.9575,3.0433,1.1468,1.3619,0.7228,0.2513,1.4783,,,,,,,
1989-05-01,1.9569,3.1858,1.1312,1.4176,0.7259,0.2515,1.5088,,,,,,,
1989-04-01,1.9491,3.3166,1.1847,1.4764,0.7159,0.2505,1.5678,,,,,,,
1989-03-01,1.9406,3.3309,1.2094,1.4888,0.7049,0.2489,1.5837,,,,,,,
1989-02-01,1.9273,3.3853,1.2261,1.5122,0.7059,0.2471,1.6464,,,,,,,
1989-01-01,1.9401,3.4473,1.2463,1.5263,0.7134,0.2486,1.6877,,,,,,,
1988-12-01,1.9437,3.5513,1.3159,1.5729,0.7216,0.249,1.6699,,,,,,,
1988-11-01,1.9606,3.5451,1.3369,1.5929,0.7328,0.251,1.6666,,,,,,,
1988-10-01,2.0214,3.5044,1.3106,1.565,0.7548,0.2588,1.6343,,,,,,,
1988-09-01,2.0398,3.4354,1.2951,1.517,0.7658,0.2612,1.6177,,,,,,,
1988-08-01,2.0411,3.4666,1.29,1.5269,0.7699,0.2616,1.6459,,,,,,,
1988-07-01,2.0462,3.4832,1.3364,1.536,0.7794,0.2619,1.6335,,,,,,,
1988-06-01,2.0269,3.6151,1.3898,1.5947,0.7841,0.2596,1.6418,,,,,,,
1988-05-01,2.0098,3.7567,1.4258,1.611,0.778,0.2572,1.5652,,,,,,,
1988-04-01,2.0037,3.7609,1.4503,1.6038,0.7785,0.2565,1.4979,,,,,,,
1988-03-01,2.0133,3.6823,1.4515,1.5818,0.784,0.258,1.4745,,,,,,,
1988-02-01,2.0173,3.5464,1.452,1.5631,0.7824,0.2586,1.4407,,,,,,,
1988-01-01,2.0253,3.6566,1.51,1.5902,0.7976,0.26,1.4424,,,,,,,
